EVENT TITLE,START DATE,END DATE,POINT OF CONTACT,MET,GOOD THINGS,BAD THINGS,SUMMARY OF EVENT,UNIT
Warfare Training,1/15/2023,1/20/2023,John Doe,Yes,High engagement of all participants,Lack of proper communication in the initial briefing,Comprehensive military exercise to enhance combat readiness,Alpha
Seminar on Modern Tactics,2/5/2023,2/7/2023,Jane Smith,No,Insightful sessions by top experts,Overcrowded venue limiting interaction,A seminar hosted to discuss and learn about new military tactics,Bravo
Equipment Inspection,3/10/2023,3/10/2023,Jim Brown,Yes,All equipment passed the inspection,Evidence of minor wear and tear on some items,Regular inspection to ensure the operational status of crucial units,Charlie
Field Operation,4/22/2023,4/27/2023,Alice Green,Yes,Successful execution of the plan,Adverse weather impacted morale,A field operation simulation to test strategic planning and execution,Delta
Innovative Tech Review,5/8/2023,5/10/2023,Bob White,No,Introduction of new tech gadgets,Technical glitches during the demo,Review meeting to discuss innovative technologies applicable to military use,Echo
Leadership Workshop,6/15/2023,6/16/2023,Susan Black,No,Interactive and participative sessions,Poor accommodation facilities,Workshop aimed at enhancing leadership qualities among unit leaders,Foxtrot
Logistics Coordination,7/1/2023,7/3/2023,Tom Blue,Yes,Improved coordination between teams,Discrepancies in supplies tracking,A coordinated exercise to streamline logistics processes,Golf
Disaster Response Drill,8/19/2023,8/21/2023,Nancy Yellow,Yes,Quick and effective response from all teams,Lack of equipment in some units,Drill to assess readiness for disaster management scenarios,Hotel
Cybersecurity Training,9/12/2023,9/14/2023,David Red,No,High-level awareness on cyber threats,Some technical topics were too advanced,A training session to cover modern cybersecurity threats and defenses,India
Physical Fitness Test,10/3/2023,10/3/2023,Paul Purple,Yes,High pass rate among participants,Some participants reported fatigue,A mandatory fitness test to evaluate the physical condition of unit members,Juliet
